{
  "model_type": "baseline",
  "timestamp": "2025-12-10T07:36:10.092309",
  "random_seed": 42,
  "datasets": {
    "wikimt": {
      "dataset": "WikiMT",
      "num_samples": 1000,
      "text_to_music": {
        "MRR": 0.16055633957600682,
        "Hit@1": 9.8,
        "Hit@5": 20.599999999999998,
        "Hit@10": 28.799999999999997,
        "similarity_stats": {
          "mean_correct": 0.11321084201335907,
          "std_correct": 0.08689753711223602,
          "mean_all": -0.003470395226031542,
          "max_all": 0.3862912654876709,
          "min_all": -0.373185396194458
        }
      },
      "music_to_text": {
        "MRR": 0.06868019955848553,
        "Hit@1": 2.5,
        "Hit@5": 9.6,
        "Hit@10": 14.7,
        "similarity_stats": {
          "mean_correct": 0.11321084201335907,
          "std_correct": 0.08689753711223602,
          "mean_all": -0.003470395226031542,
          "max_all": 0.3862912654876709,
          "min_all": 0.3862912654876709
        }
      }
    },
    "midicaps": {
      "dataset": "MidiCaps",
      "num_samples": 1000,
      "text_to_music": {
        "MRR": 0.3212909809446947,
        "Hit@1": 20.9,
        "Hit@5": 42.4,
        "Hit@10": 53.400000000000006,
        "similarity_stats": {
          "mean_correct": 0.13233859837055206,
          "std_correct": 0.07408644258975983,
          "mean_all": -0.048304468393325806,
          "max_all": 0.3969915509223938,
          "min_all": -0.3660959005355835
        }
      },
      "music_to_text": {
        "MRR": 0.3312096590701546,
        "Hit@1": 22.1,
        "Hit@5": 44.3,
        "Hit@10": 56.99999999999999,
        "similarity_stats": {
          "mean_correct": 0.13233859837055206,
          "std_correct": 0.07408644258975983,
          "mean_all": -0.048304468393325806,
          "max_all": 0.3969915509223938,
          "min_all": 0.3969915509223938
        }
      }
    }
  }
}