{
  "model_type": "lora_adaptive",
  "adapter_path_mtf": "C:\\Users\\gen80\\Github\\291A-clamp3\\lora_eval\\..\\code\\adapters\\lora_mtf_adapter",
  "adapter_path_abc": "C:\\Users\\gen80\\Github\\291A-clamp3\\lora_eval\\..\\code\\adapters\\lora_abc_adapter",
  "timestamp": "2025-12-10T07:37:07.205572",
  "random_seed": 42,
  "datasets": {
    "wikimt": {
      "dataset": "WikiMT",
      "num_samples": 1000,
      "text_to_music": {
        "MRR": 0.290363644605473,
        "Hit@1": 21.6,
        "Hit@5": 35.9,
        "Hit@10": 44.3,
        "similarity_stats": {
          "mean_correct": 0.17771320044994354,
          "std_correct": 0.07370536774396896,
          "mean_all": 0.009772471152245998,
          "max_all": 0.40256357192993164,
          "min_all": -0.4277336597442627
        }
      },
      "music_to_text": {
        "MRR": 0.1272573965169584,
        "Hit@1": 5.800000000000001,
        "Hit@5": 18.0,
        "Hit@10": 25.4,
        "similarity_stats": {
          "mean_correct": 0.17771320044994354,
          "std_correct": 0.07370536774396896,
          "mean_all": 0.009772471152245998,
          "max_all": 0.40256357192993164,
          "min_all": 0.40256357192993164
        }
      }
    },
    "midicaps": {
      "dataset": "MidiCaps",
      "num_samples": 1000,
      "text_to_music": {
        "MRR": 0.31931789005724204,
        "Hit@1": 20.0,
        "Hit@5": 43.4,
        "Hit@10": 54.2,
        "similarity_stats": {
          "mean_correct": 0.14009089767932892,
          "std_correct": 0.07329627126455307,
          "mean_all": -0.04246269166469574,
          "max_all": 0.39964333176612854,
          "min_all": -0.36082082986831665
        }
      },
      "music_to_text": {
        "MRR": 0.3265489394309115,
        "Hit@1": 21.5,
        "Hit@5": 43.5,
        "Hit@10": 56.2,
        "similarity_stats": {
          "mean_correct": 0.14009089767932892,
          "std_correct": 0.07329627126455307,
          "mean_all": -0.04246269166469574,
          "max_all": 0.39964333176612854,
          "min_all": 0.39964333176612854
        }
      }
    }
  }
}