{
  "timestamp": "2025-12-11T00:13:16.200495",
  "results": {
    "midicaps": {
      "baseline": {
        "model": "Baseline",
        "dataset": "midicaps",
        "num_samples": 420,
        "text_to_music": {
          "MRR": 0.44142614854904394,
          "Hit@1": 30.952380952380953,
          "Hit@5": 57.85714285714286,
          "Hit@10": 70.95238095238095
        },
        "music_to_text": {
          "MRR": 0.44822083309082933,
          "Hit@1": 30.476190476190478,
          "Hit@5": 61.66666666666667,
          "Hit@10": 72.38095238095238
        }
      },
      "lora": {
        "model": "LoRA",
        "dataset": "midicaps",
        "num_samples": 420,
        "text_to_music": {
          "MRR": 0.6503788062644323,
          "Hit@1": 50.95238095238095,
          "Hit@5": 85.0,
          "Hit@10": 91.66666666666666
        },
        "music_to_text": {
          "MRR": 0.6284686098500719,
          "Hit@1": 49.047619047619044,
          "Hit@5": 80.23809523809524,
          "Hit@10": 88.80952380952381
        }
      }
    },
    "wikimt_background": {
      "baseline": {
        "model": "Baseline",
        "dataset": "wikimt",
        "num_samples": 1000,
        "text_to_music": {
          "MRR": 0.15343987603838877,
          "Hit@1": 9.1,
          "Hit@5": 20.200000000000003,
          "Hit@10": 26.8
        },
        "music_to_text": {
          "MRR": 0.04289449112299639,
          "Hit@1": 1.5,
          "Hit@5": 4.8,
          "Hit@10": 8.799999999999999
        }
      },
      "lora": {
        "model": "LoRA",
        "dataset": "wikimt",
        "num_samples": 1000,
        "text_to_music": {
          "MRR": 0.17875281670923557,
          "Hit@1": 11.899999999999999,
          "Hit@5": 22.2,
          "Hit@10": 29.9
        },
        "music_to_text": {
          "MRR": 0.06834805314524743,
          "Hit@1": 2.6,
          "Hit@5": 9.0,
          "Hit@10": 15.0
        }
      }
    },
    "wikimt_analysis": {
      "baseline": {
        "model": "Baseline",
        "dataset": "wikimt",
        "num_samples": 1000,
        "text_to_music": {
          "MRR": 0.1398136130170864,
          "Hit@1": 8.9,
          "Hit@5": 17.9,
          "Hit@10": 23.1
        },
        "music_to_text": {
          "MRR": 0.0398745044675789,
          "Hit@1": 1.4000000000000001,
          "Hit@5": 4.8,
          "Hit@10": 8.200000000000001
        }
      },
      "lora": {
        "model": "LoRA",
        "dataset": "wikimt",
        "num_samples": 1000,
        "text_to_music": {
          "MRR": 0.163626167022374,
          "Hit@1": 11.0,
          "Hit@5": 19.900000000000002,
          "Hit@10": 27.1
        },
        "music_to_text": {
          "MRR": 0.06476321736980092,
          "Hit@1": 2.9000000000000004,
          "Hit@5": 8.3,
          "Hit@10": 11.600000000000001
        }
      }
    },
    "wikimt_description": {
      "baseline": {
        "model": "Baseline",
        "dataset": "wikimt",
        "num_samples": 1000,
        "text_to_music": {
          "MRR": 0.044761637702829656,
          "Hit@1": 2.1,
          "Hit@5": 4.9,
          "Hit@10": 7.8
        },
        "music_to_text": {
          "MRR": 0.0333381708037571,
          "Hit@1": 1.0999999999999999,
          "Hit@5": 3.9,
          "Hit@10": 6.6000000000000005
        }
      },
      "lora": {
        "model": "LoRA",
        "dataset": "wikimt",
        "num_samples": 1000,
        "text_to_music": {
          "MRR": 0.04796319996367952,
          "Hit@1": 2.0,
          "Hit@5": 5.800000000000001,
          "Hit@10": 9.1
        },
        "music_to_text": {
          "MRR": 0.03717631380971687,
          "Hit@1": 1.2,
          "Hit@5": 4.3,
          "Hit@10": 8.0
        }
      }
    },
    "wikimt_scene": {
      "baseline": {
        "model": "Baseline",
        "dataset": "wikimt",
        "num_samples": 1000,
        "text_to_music": {
          "MRR": 0.06793245436830994,
          "Hit@1": 3.8,
          "Hit@5": 8.1,
          "Hit@10": 11.4
        },
        "music_to_text": {
          "MRR": 0.024181714065842443,
          "Hit@1": 0.5,
          "Hit@5": 2.5,
          "Hit@10": 5.2
        }
      },
      "lora": {
        "model": "LoRA",
        "dataset": "wikimt",
        "num_samples": 1000,
        "text_to_music": {
          "MRR": 0.07780684873902827,
          "Hit@1": 4.7,
          "Hit@5": 9.6,
          "Hit@10": 13.200000000000001
        },
        "music_to_text": {
          "MRR": 0.03541809583044099,
          "Hit@1": 1.0,
          "Hit@5": 4.6,
          "Hit@10": 7.1
        }
      }
    }
  }
}