{
  "timestamp": "2025-12-10T07:38:10.155510",
  "random_seed": 42,
  "datasets": {
    "wikimt": {
      "baseline": {
        "dataset": "WikiMT",
        "num_samples": 1000,
        "text_to_music": {
          "MRR": 0.16055633957600682,
          "Hit@1": 9.8,
          "Hit@5": 20.599999999999998,
          "Hit@10": 28.799999999999997,
          "similarity_stats": {
            "mean_correct": 0.11321084201335907,
            "std_correct": 0.08689753711223602,
            "mean_all": -0.003470395226031542,
            "max_all": 0.3862912654876709,
            "min_all": -0.373185396194458
          }
        },
        "music_to_text": {
          "MRR": 0.06868019955848553,
          "Hit@1": 2.5,
          "Hit@5": 9.6,
          "Hit@10": 14.7,
          "similarity_stats": {
            "mean_correct": 0.11321084201335907,
            "std_correct": 0.08689753711223602,
            "mean_all": -0.003470395226031542,
            "max_all": 0.3862912654876709,
            "min_all": 0.3862912654876709
          }
        }
      },
      "lora": {
        "dataset": "WikiMT",
        "num_samples": 1000,
        "text_to_music": {
          "MRR": 0.290363644605473,
          "Hit@1": 21.6,
          "Hit@5": 35.9,
          "Hit@10": 44.3,
          "similarity_stats": {
            "mean_correct": 0.17771320044994354,
            "std_correct": 0.07370536774396896,
            "mean_all": 0.009772471152245998,
            "max_all": 0.40256357192993164,
            "min_all": -0.4277336597442627
          }
        },
        "music_to_text": {
          "MRR": 0.1272573965169584,
          "Hit@1": 5.800000000000001,
          "Hit@5": 18.0,
          "Hit@10": 25.4,
          "similarity_stats": {
            "mean_correct": 0.17771320044994354,
            "std_correct": 0.07370536774396896,
            "mean_all": 0.009772471152245998,
            "max_all": 0.40256357192993164,
            "min_all": 0.40256357192993164
          }
        }
      },
      "improvements": {
        "text_to_music": {
          "MRR": {
            "baseline": 0.16055633957600682,
            "lora": 0.290363644605473,
            "absolute_diff": 0.12980730502946616,
            "percent_change": 80.8484457058862
          },
          "Hit@1": {
            "baseline": 9.8,
            "lora": 21.6,
            "absolute_diff": 11.8,
            "percent_change": 120.40816326530613
          },
          "Hit@5": {
            "baseline": 20.599999999999998,
            "lora": 35.9,
            "absolute_diff": 15.3,
            "percent_change": 74.27184466019419
          },
          "Hit@10": {
            "baseline": 28.799999999999997,
            "lora": 44.3,
            "absolute_diff": 15.5,
            "percent_change": 53.81944444444445
          }
        },
        "music_to_text": {
          "MRR": {
            "baseline": 0.06868019955848553,
            "lora": 0.1272573965169584,
            "absolute_diff": 0.058577196958472855,
            "percent_change": 85.28978851989308
          },
          "Hit@1": {
            "baseline": 2.5,
            "lora": 5.800000000000001,
            "absolute_diff": 3.3000000000000007,
            "percent_change": 132.00000000000003
          },
          "Hit@5": {
            "baseline": 9.6,
            "lora": 18.0,
            "absolute_diff": 8.4,
            "percent_change": 87.50000000000001
          },
          "Hit@10": {
            "baseline": 14.7,
            "lora": 25.4,
            "absolute_diff": 10.7,
            "percent_change": 72.78911564625851
          }
        }
      }
    },
    "midicaps": {
      "baseline": {
        "dataset": "MidiCaps",
        "num_samples": 1000,
        "text_to_music": {
          "MRR": 0.3212909809446947,
          "Hit@1": 20.9,
          "Hit@5": 42.4,
          "Hit@10": 53.400000000000006,
          "similarity_stats": {
            "mean_correct": 0.13233859837055206,
            "std_correct": 0.07408644258975983,
            "mean_all": -0.048304468393325806,
            "max_all": 0.3969915509223938,
            "min_all": -0.3660959005355835
          }
        },
        "music_to_text": {
          "MRR": 0.3312096590701546,
          "Hit@1": 22.1,
          "Hit@5": 44.3,
          "Hit@10": 56.99999999999999,
          "similarity_stats": {
            "mean_correct": 0.13233859837055206,
            "std_correct": 0.07408644258975983,
            "mean_all": -0.048304468393325806,
            "max_all": 0.3969915509223938,
            "min_all": 0.3969915509223938
          }
        }
      },
      "lora": {
        "dataset": "MidiCaps",
        "num_samples": 1000,
        "text_to_music": {
          "MRR": 0.31931789005724204,
          "Hit@1": 20.0,
          "Hit@5": 43.4,
          "Hit@10": 54.2,
          "similarity_stats": {
            "mean_correct": 0.14009089767932892,
            "std_correct": 0.07329627126455307,
            "mean_all": -0.04246269166469574,
            "max_all": 0.39964333176612854,
            "min_all": -0.36082082986831665
          }
        },
        "music_to_text": {
          "MRR": 0.3265489394309115,
          "Hit@1": 21.5,
          "Hit@5": 43.5,
          "Hit@10": 56.2,
          "similarity_stats": {
            "mean_correct": 0.14009089767932892,
            "std_correct": 0.07329627126455307,
            "mean_all": -0.04246269166469574,
            "max_all": 0.39964333176612854,
            "min_all": 0.39964333176612854
          }
        }
      },
      "improvements": {
        "text_to_music": {
          "MRR": {
            "baseline": 0.3212909809446947,
            "lora": 0.31931789005724204,
            "absolute_diff": -0.0019730908874526776,
            "percent_change": -0.6141133752498066
          },
          "Hit@1": {
            "baseline": 20.9,
            "lora": 20.0,
            "absolute_diff": -0.8999999999999986,
            "percent_change": -4.3062200956937735
          },
          "Hit@5": {
            "baseline": 42.4,
            "lora": 43.4,
            "absolute_diff": 1.0,
            "percent_change": 2.358490566037736
          },
          "Hit@10": {
            "baseline": 53.400000000000006,
            "lora": 54.2,
            "absolute_diff": 0.7999999999999972,
            "percent_change": 1.4981273408239646
          }
        },
        "music_to_text": {
          "MRR": {
            "baseline": 0.3312096590701546,
            "lora": 0.3265489394309115,
            "absolute_diff": -0.004660719639243083,
            "percent_change": -1.4071810744673605
          },
          "Hit@1": {
            "baseline": 22.1,
            "lora": 21.5,
            "absolute_diff": -0.6000000000000014,
            "percent_change": -2.714932126696839
          },
          "Hit@5": {
            "baseline": 44.3,
            "lora": 43.5,
            "absolute_diff": -0.7999999999999972,
            "percent_change": -1.8058690744920929
          },
          "Hit@10": {
            "baseline": 56.99999999999999,
            "lora": 56.2,
            "absolute_diff": -0.79999999999999,
            "percent_change": -1.4035087719298072
          }
        }
      }
    }
  }
}