{
  "timestamp": "2025-12-10T14:02:48.281154",
  "test_samples": 1000,
  "baseline": {
    "model": "Baseline",
    "num_samples": 420,
    "text_to_music": {
      "MRR": 0.44142614854904394,
      "Hit@1": 30.952380952380953,
      "Hit@5": 57.85714285714286,
      "Hit@10": 70.95238095238095
    },
    "music_to_text": {
      "MRR": 0.44822083309082933,
      "Hit@1": 30.476190476190478,
      "Hit@5": 61.66666666666667,
      "Hit@10": 72.38095238095238
    }
  },
  "lora": {
    "model": "LoRA",
    "num_samples": 420,
    "text_to_music": {
      "MRR": 0.6727679721880061,
      "Hit@1": 53.095238095238095,
      "Hit@5": 84.76190476190476,
      "Hit@10": 93.57142857142857
    },
    "music_to_text": {
      "MRR": 0.6458468538984474,
      "Hit@1": 51.66666666666667,
      "Hit@5": 80.47619047619048,
      "Hit@10": 88.57142857142857
    }
  }
}